JVT-FR-EXT,,JVT-AVC_V1,
NvVkSample-H.26,,NvVkSample-H.26,
Vector,Result,Vector,Result
alphaconformanceG,Error,AUD_MW_E,Error
brcm_freh10,Error,BA1_FT_C,Success
brcm_freh11,Error,BA1_Sony_D,Success
brcm_freh3,Error,BA2_Sony_F,Error
brcm_freh4,Error,BA3_SVA_C,Error
brcm_freh5,Error,BA_MW_D,Pass
brcm_freh6,Error,BAMQ1_JVC_C,Error
brcm_freh8,Error,BAMQ2_JVC_C,Error
brcm_freh9,Error,BANM_MW_D,Error
FREH10-1,Error,BASQP1_Sony_C,Success
FREH10-2,Error,CABA1_Sony_D,Error
freh12_b,Error,CABA1_SVA_B,Success
freh1_b,Error,CABA2_Sony_E,Error
freh2_b,Error,CABA2_SVA_B,Success
freh7_b,Error,CABA3_Sony_C,Error
FREXT01_JVC_D,Success,CABA3_SVA_B,Error
FREXT02_JVC_C,Success,CABA3_TOSHIBA_E,Success
FRExt1_Panasonic_D,Fail,cabac_mot_fld0_full,Error
FREXT1_TANDBERG_A,Error,cabac_mot_frm0_full,Error
FRExt2_Panasonic_C,Fail,cabac_mot_mbaff0_full,Error
FREXT2_TANDBERG_A,Error,cabac_mot_picaff0_full,Error
FRExt3_Panasonic_E,Fail,CABACI3_Sony_B,Error
FREXT3_TANDBERG_A,Error,CABAST3_Sony_E,Error
FRExt4_Panasonic_B,Fail,CABASTBR3_Sony_B,Error
FRExt_MMCO4_Sony_B,Error,CABREF3_Sand_D,Error
HCAFF1_HHI_B,Fail,CACQP3_Sony_D,Error
HCAFR1_HHI_C,Success,CAFI1_SVA_C,Success
HCAFR2_HHI_A,Success,CAMA1_Sony_C,Success
HCAFR3_HHI_A,Success,CAMA1_TOSHIBA_B,Error
HCAFR4_HHI_A,Success,cama1_vtc_c,Success
HCAMFF1_HHI_B,Success,cama2_vtc_b,Success
HCHP1_HHI_B,Error,CAMA3_Sand_E,Error
HCHP2_HHI_A,Error,cama3_vtc_b,Success
HCHP3_HHI_A,Error,CAMACI3_Sony_C,Success
Hi422FR10_SONY_A,Error,CAMANL1_TOSHIBA_B,Error
Hi422FR11_SONY_A,Error,CAMANL2_TOSHIBA_B,Error
Hi422FR12_SONY_A,Error,CAMANL3_Sand_E,Error
Hi422FR13_SONY_A,Error,CAMASL3_Sony_B,Success
Hi422FR14_SONY_A,Error,CAMP_MOT_MBAFF_L30,Error
Hi422FR15_SONY_A,Error,CAMP_MOT_MBAFF_L31,Error
Hi422FR1_SONY_A,Error,CANL1_Sony_E,Error
Hi422FR2_SONY_A,Error,CANL1_SVA_B,Success
Hi422FR3_SONY_A,Error,CANL1_TOSHIBA_G,Success
Hi422FR4_SONY_A,Error,CANL2_Sony_E,Error
Hi422FR6_SONY_A,Error,CANL2_SVA_B,Success
Hi422FR7_SONY_A,Error,CANL3_Sony_C,Error
Hi422FR8_SONY_A,Error,CANL3_SVA_B,Success
Hi422FR9_SONY_A,Error,CANL4_SVA_B,Error
Hi422FREXT16_SONY_A,Error,CANLMA2_Sony_C,Success
Hi422FREXT17_SONY_A,Error,CANLMA3_Sony_C,Success
Hi422FREXT18_SONY_A,Error,CAPA1_TOSHIBA_B,Error
Hi422FREXT19_SONY_A,Error,CAPAMA3_Sand_F,Error
HPCA_BRCM_C,Error,CAPCM1_Sand_E,Error
HPCADQ_BRCM_B,Error,CAPCMNL1_Sand_E,Error
HPCAFL_BRCM_C,Error,CAPM3_Sony_D,Error
HPCAFLNL_BRCM_C,Error,CAQP1_Sony_B,Error
HPCALQ_BRCM_B,Error,cavlc_mot_fld0_full_B,Error
HPCAMAPALQ_BRCM_B,Error,cavlc_mot_frm0_full_B,Error
HPCAMOLQ_BRCM_B,Error,cavlc_mot_mbaff0_full_B,Error
HPCANL_BRCM_C,Error,cavlc_mot_picaff0_full_B,Error
HPCAQ2LQ_BRCM_B,Error,CAWP1_TOSHIBA_E,Success
HPCV_BRCM_A,Error,CAWP5_TOSHIBA_E,Success
HPCVFL_BRCM_A,Error,CI1_FT_B,Success
HPCVFLNL_BRCM_A,Error,CI_MW_D,Error
HPCVMOLQ_BRCM_B,Error,CVBS3_Sony_C,Error
HPCVNL_BRCM_A,Error,CVCANLMA2_Sony_C,Success
HVLCFI0_Sony_B,Success,CVFC1_Sony_C,Error
HVLCMFF0_Sony_B,Fail,CVFI1_Sony_D,Success
HVLCPFF0_Sony_B,Fail,CVFI1_SVA_C,Success
,,CVFI2_Sony_H,Success
,,CVFI2_SVA_C,Success
,,CVMA1_Sony_D,Success
,,CVMA1_TOSHIBA_B,Error
,,CVMANL1_TOSHIBA_B,Error
,,CVMANL2_TOSHIBA_B,Error
,,CVMAPAQP3_Sony_E,Fail
,,CVMAQP2_Sony_G,Success
,,CVMAQP3_Sony_D,Success
,,CVMP_MOT_FLD_L30_B,Error
,,CVMP_MOT_FRM_L31_B,Error
,,CVNLFI1_Sony_C,Success
,,CVNLFI2_Sony_H,Success
,,CVPA1_TOSHIBA_B,Error
,,CVPCMNL1_SVA_C,Error
,,CVPCMNL2_SVA_C,Success
,,CVSE2_Sony_B,Success
,,CVSE3_Sony_H,Success
,,CVSEFDFT3_Sony_E,Success
,,CVWP1_TOSHIBA_E,Success
,,CVWP2_TOSHIBA_E,Success
,,CVWP3_TOSHIBA_E,Success
,,CVWP5_TOSHIBA_E,Success
,,FI1_Sony_E,Error
,,FM1_BT_B,Error
,,FM1_FT_E,Fail
,,FM2_SVA_C,Error
,,HCBP1_HHI_A,Error
,,HCBP2_HHI_A,Error
,,HCMP1_HHI_A,Error
,,LS_SVA_D,Error
,,MIDR_MW_D,Error
,,MPS_MW_A,Error
,,MR1_BT_A,Error
,,MR1_MW_A,Error
,,MR2_MW_A,Error
,,MR2_TANDBERG_E,Success
,,MR3_TANDBERG_B,Success
,,MR4_TANDBERG_C,Error
,,MR5_TANDBERG_C,Error
,,MR6_BT_B,Error
,,MR7_BT_B,Error
,,MR8_BT_B,Success
,,MR9_BT_B,Fail
,,MV1_BRCM_D,Error
,,NL1_Sony_D,Success
,,NL2_Sony_H,Error
,,NL3_SVA_E,Error
,,NLMQ1_JVC_C,Error
,,NLMQ2_JVC_C,Error
,,NRF_MW_E,Error
,,Sharp_MP_Field_1_B,Success
,,Sharp_MP_Field_2_B,Success
,,Sharp_MP_Field_3_B,Success
,,Sharp_MP_PAFF_1r2,Fail
,,Sharp_MP_PAFF_2r,Fail
,,SL1_SVA_B,Error
,,SP1_BT_A,Error
,,sp2_bt_b,Error
,,SVA_BA1_B,Success
,,SVA_BA2_D,Success
,,SVA_Base_B,Success
,,SVA_CL1_E,Error
,,SVA_FM1_E,Success
,,SVA_NL1_B,Success
,,SVA_NL2_E,Success
